age,dominant_race,dominant_gender,image_path
29,white,Man,outputs/images/image_8881.png
32,white,Man,outputs/images/image_8247.png
27,white,Man,outputs/images/image_1296.png
25,latino hispanic,Man,outputs/images/image_2239.png
24,asian,Woman,outputs/images/image_6058.png
33,white,Man,outputs/images/image_8024.png
33,white,Woman,outputs/images/image_8694.png
23,asian,Man,outputs/images/image_3255.png
39,latino hispanic,Man,outputs/images/image_4227.png
32,white,Woman,outputs/images/image_1678.png
27,white,Man,outputs/images/image_8329.png
29,white,Man,outputs/images/image_7953.png
32,white,Woman,outputs/images/image_6156.png
32,white,Man,outputs/images/image_5090.png
33,latino hispanic,Man,outputs/images/image_3033.png
35,white,Man,outputs/images/image_3467.png
35,white,Man,outputs/images/image_8456.png
28,white,Man,outputs/images/image_2919.png
27,white,Man,outputs/images/image_3576.png
33,white,Man,outputs/images/image_8773.png
29,white,Man,outputs/images/image_3372.png
28,white,Man,outputs/images/image_7384.png
28,white,Woman,outputs/images/image_5399.png
28,latino hispanic,Man,outputs/images/image_4105.png
23,white,Man,outputs/images/image_6352.png
30,asian,Woman,outputs/images/image_1891.png
30,white,Man,outputs/images/image_6874.png
31,middle eastern,Man,outputs/images/image_4270.png
37,white,Man,outputs/images/image_5045.png
29,middle eastern,Man,outputs/images/image_1783.png
33,white,Woman,outputs/images/image_1345.png
25,white,Man,outputs/images/image_7428.png
30,white,Man,outputs/images/image_6826.png
27,white,Man,outputs/images/image_5887.png
24,middle eastern,Man,outputs/images/image_4080.png
26,white,Man,outputs/images/image_2923.png
24,latino hispanic,Man,outputs/images/image_2178.png
36,white,Man,outputs/images/image_4913.png
30,middle eastern,Man,outputs/images/image_3961.png
33,latino hispanic,Man,outputs/images/image_6815.png
34,white,Man,outputs/images/image_7786.png
31,asian,Woman,outputs/images/image_4841.png
33,white,Man,outputs/images/image_2261.png
29,white,Man,outputs/images/image_1485.png
30,white,Man,outputs/images/image_1236.png
37,white,Man,outputs/images/image_2764.png
30,white,Man,outputs/images/image_4059.png
31,middle eastern,Man,outputs/images/image_2484.png
34,white,Man,outputs/images/image_8566.png
36,white,Man,outputs/images/image_9464.png
25,white,Man,outputs/images/image_6177.png
28,white,Man,outputs/images/image_8070.png
26,white,Man,outputs/images/image_8716.png
39,white,Man,outputs/images/image_1531.png
34,white,Woman,outputs/images/image_2002.png
36,white,Man,outputs/images/image_1227.png
36,middle eastern,Man,outputs/images/image_5213.png
35,asian,Woman,outputs/images/image_1264.png
36,white,Man,outputs/images/image_9320.png
30,white,Man,outputs/images/image_6847.png
39,white,Man,outputs/images/image_4293.png
41,white,Man,outputs/images/image_4026.png
